1108939	what slows down the flow of blood
1112389	what is the county for grand rapids, mn
792752	what is ruclip
1119729	what do you do when you have a nosebleed from having your nose
1105095	where is sugar lake lodge located
1105103	where is steph currys home in nc
1128373	iur definition
1127622	meaning of heat capacity
1124979	synonym for treatment
885490	what party is paul ryan in
1119827	cast of sky captain and the world of tomorrow
190044	foods to detox liver naturally
500575	sop's policy
883785	what origin is the last name goins
264403	how long is recovery from a face lift and neck lift
1108100	what type of movement do bacteria exhibit?
421756	is prorate the same as daily rate
1108307	what trail did thousands use to get to the gold rush
966413	where are the benefits of cinnamon as a supplement?
1111546	what is the medium for an artisan
156493	do goldfish grow
1124145	truncating meaning
1110199	what is wifi vs bluetooth
1056204	who was the first steam boat operator
199143	has trump ever said individual u.s tax rate highest in world
835929	what is the national convention
1063750	why did the us volunterilay enter ww1
1104031	which units can be used to express force?
398483	irs /gov schedule d
432930	javascript how capitalize the first letter of a string
478605	port orange what county
1044797	who noncommunicable diseases
1124464	the quad cast
1107988	what type of work is barbering
130510	definition declaratory judgment
1127893	ben foster footballer net worth
1135377	edward jones phone number
1126206	pollen is found on what part of the a flower
645693	what does pk nail stand for in survey
1133328	how far prior to wedding should you mail out invitations
646207	what does production design entail
1012021	which is the definition of a market? in the study of economics
489204	right pelvic pain causes
1119075	what does e pluribus unum mean in latin
573724	what are the social determinants of health
600573	what contains specific instructions that make each living thing unique?
1120447	what county is pontiac, illinois in?
574575	what are the three distinct layers of the earth?
1055865	who was the first african-american to win wimbledon
494835	sensibilities, definition
1126814	noct temperature
168216	does legionella pneumophila cause pneumonia
100983	cost for cremation
194013	generic vivelle dot cost
1119092	what does dual band
1133167	how is the weather in jamaica
1133418	how far between shirleysburg pa and newville pa
427578	is the titanic the biggest ship ever
324211	how much money a united airline get as a captain pilot
11096	acura integra timing belt replacement cost
1134787	function of malt
89928	ceramic-tiles how much the cost for square foot
499920	socioemotional processes definition
527433	types of dysarthria from cerebral palsy
40578	average price for kitchen cabinets installation
694342	what is a period calculus
1125225	bond strike price
1136427	why was the sat developed
1128856	ira spar phone number
719381	what is ar balance
53175	biggest house you can buy in skyrim
131651	definition of a first harmonic
1037798	who is robert gray
915593	what types of food can you cook sous vide
264014	how long is life cycle of flea
1121402	what can contour plowing reduce
962179	when was the salvation army founded
1117099	what is a active margin
744366	what is epicureanism
277780	how many calories in tablespoon mayonnaise
1114563	what is ftl games
1014126	which numbers are the account number on the check
1117346	chicco pocket snack booster seat, grey
148538	difference between rn and bsn
451602	medicare's definition of mechanical ventilation
474735	phone number for southwest airlines customer service
359349	how to find the midsegment of a trapezoid
903469	what the health diet
1115776	what is an aml surveillance analyst
1104492	which is a certificate of debt issued by corporations and governments?
315637	how much does it cost to go to alabama university
1112341	what is the daily life of thai people
588587	what causes heavy metal toxins in your body
706080	what is a web domain
117831	define apprehension.
1120868	what colors are louisiana tech
1111906	what is the gonstead chiropractic technique
523270	toyota of plano plano tx
133358	definition of coining money
67262	can farang live in thailand
1121166	what causes meteor shower on earth
805321	what is the area where rock under stress breaks and triggers an earthquake?
1129828	average sound bite
131843	definition of a sigmet
104861	cost of interior concrete flooring
833860	what is the most popular food in switzerland
207786	how are some sharks warm blooded
691330	what is a moderator variable
1103528	who is jobu
1132213	how long to hold bow in yoga
335594	how old is kidman
1134138	honored meaning
138632	definition of tangent
671071	what information is stored on an external hard drive
705609	what is a virus made of
1114819	what is durable medical equipment consist of
855434	what is therapy that explores relationship problems
1134463	harvey mudd tuition cost
747511	what is firewalk
502261	stamford federal credit union routing number
183378	exons definition biology
654723	what does velvet symbolize
1117387	chevy chase meaning
479871	presidential synonym
541571	wat is dopamine
1106007	define visceral?
60235	calories in egg fried
180442	enemy of the state film cast
710347	what is amitriptyline prescribed for
1124210	tracheids are part of _____.
287683	how many liberty ships were built in brunswick
490595	rsa definition key
291865	how many people are in the peru
794725	what is securenet
1103812	who formed the commonwealth of independent states
436600	largest hindu temple nj
1047259	who played starsky and hutch
964223	when will the next eclipse occur
564054	what are rdw in blood work
87181	causes of left ventricular hypertrophy
1116052	what is a synonym for thoracic
554515	what are achieved and ascribed statuses?
443396	lps laws definition
1123581	calculate my social security benefit per month
714453	what is an exercised stock option
972007	where do white sox play in chicago
929033	what years were the crusades
433234	job ratio engineering
1121709	what are the three percenters?
88073	causes of random whitehead outbreaks
87452	causes of military suicide
1005165	which amendment protects a person from cruel or unusual punishment
1133249	how is atp produced
953067	when is the month of autism awareness
101169	cost for jet fuel
855410	what is theraderm used for
1121276	what causes ankle blisters
1114646	what is famvir prescribed for
19335	anthropological definition of environment
789700	what is rbrvs
47923	axon terminals or synaptic knob definition
301524	how many zeros in one septillion
405717	is cdg airport in main paris
165633	does doxycycline contain sulfa
952774	when is the evening
766511	what is lmt stocks
1106293	when shazam movie released
452431	melanoma skin cancer symptoms
1109818	what level for banish
1047902	who plays dr. fell on vampire diaries
306076	how much do it cost to get your bachelor degree online
551040	what age do you need to get prostate check?
1059231	who wrote the song look at me now song
182539	example of monotonic function
1115569	what is andres b
351697	how to convert figures into words in excel 2010
904965	what time is it in howard pa
292906	how many people use google in one day
662372	what format does a thumb drive need to be for a mac
364142	how to heal muscle soreness
20455	ar glasses definition
1119058	what does electric vehicle mean
203318	hilton lifetime diamond member benefits
1126813	noe fractures
240053	how long are safety council class certification good for
1115392	what is biblioteca in
1113437	what is physical description of spruce
1122461	what are hydrocarbon in lipids
1116341	closed ended mortgage definition
1129237	hydrogen is a liquid below what temperature
912070	what type of eruption does pavolf have
278813	how many carbs should you eat each day to lose weight
423273	is school lunch tax deductible
507445	symptoms of different types of brain bleeds
25129	are stem cell injections fda approved
146187	difference between a mcdouble and a double cheeseburger
634428	what does chs stand for?
1121986	what are the effects of having low blood sugar
321441	how much is a us postal stamp cost
532603	university of dubuque enrollment
